image_path,source_dataset,original_label,disease_name,class_id,split,true_disease,predicted_class_id,predicted_disease,confidence,correct,prob_normal,prob_cataract,prob_diabetic_retinopathy,prob_glaucoma,error_type
d:\Practice Projects\Disease Detection\dataset\Eye Disease detection\glaucoma\_28_7296137.jpg,Eye Disease detection,glaucoma,Glaucoma,3,test,Glaucoma,1,Cataract,0.5652761,False,0.030945893,0.5652761,2.9921728e-06,0.40377507,Glaucoma -> Cataract
d:\Practice Projects\Disease Detection\dataset\Eye Disease detection\glaucoma\1247_right.jpg,Eye Disease detection,glaucoma,Glaucoma,3,test,Glaucoma,0,Normal,0.49849606,False,0.49849606,0.13771586,0.15759236,0.20619577,Glaucoma -> Normal
d:\Practice Projects\Disease Detection\dataset\GlaucomaFundusImaging\G1020\Images\image_1877.jpg,GlaucomaFundusImaging/G1020,1,Glaucoma,3,test,Glaucoma,0,Normal,0.7398267,False,0.7398267,0.02069121,0.0045215013,0.23496059,Glaucoma -> Normal
d:\Practice Projects\Disease Detection\dataset\GlaucomaFundusImaging\G1020\Images\image_2512.jpg,GlaucomaFundusImaging/G1020,1,Glaucoma,3,test,Glaucoma,0,Normal,0.67801565,False,0.67801565,0.0005319098,0.002775388,0.3186771,Glaucoma -> Normal
d:\Practice Projects\Disease Detection\dataset\Eye Disease detection\glaucoma\_258_6391320.jpg,Eye Disease detection,glaucoma,Glaucoma,3,test,Glaucoma,1,Cataract,0.99858356,False,0.00085825915,0.99858356,8.677547e-07,0.00055736816,Glaucoma -> Cataract
d:\Practice Projects\Disease Detection\dataset\GlaucomaFundusImaging\G1020\Images\image_940.jpg,GlaucomaFundusImaging/G1020,1,Glaucoma,3,test,Glaucoma,0,Normal,0.84827656,False,0.84827656,0.0026775484,0.0016360604,0.1474098,Glaucoma -> Normal
d:\Practice Projects\Disease Detection\dataset\GlaucomaFundusImaging\ORIGA\Images\306.jpg,GlaucomaFundusImaging/ORIGA,1,Glaucoma,3,test,Glaucoma,0,Normal,0.64426225,False,0.64426225,0.00018612127,0.0006492815,0.35490233,Glaucoma -> Normal
d:\Practice Projects\Disease Detection\dataset\Eye Disease detection\glaucoma\1426_left.jpg,Eye Disease detection,glaucoma,Glaucoma,3,test,Glaucoma,0,Normal,0.54067785,False,0.54067785,0.010436097,0.028575536,0.42031047,Glaucoma -> Normal
d:\Practice Projects\Disease Detection\dataset\Eye Disease detection\glaucoma\1419_left.jpg,Eye Disease detection,glaucoma,Glaucoma,3,test,Glaucoma,0,Normal,0.65904295,False,0.65904295,0.00013531452,0.0050391066,0.3357826,Glaucoma -> Normal
d:\Practice Projects\Disease Detection\dataset\Eye Disease detection\glaucoma\1465_right.jpg,Eye Disease detection,glaucoma,Glaucoma,3,test,Glaucoma,0,Normal,0.7765133,False,0.7765133,0.0510411,0.012882466,0.15956315,Glaucoma -> Normal
d:\Practice Projects\Disease Detection\dataset\Eye Disease detection\glaucoma\_43_5688154.jpg,Eye Disease detection,glaucoma,Glaucoma,3,test,Glaucoma,0,Normal,0.51320994,False,0.51320994,4.6001474e-05,3.8143703e-06,0.48674035,Glaucoma -> Normal
d:\Practice Projects\Disease Detection\dataset\GlaucomaFundusImaging\G1020\Images\image_111.jpg,GlaucomaFundusImaging/G1020,1,Glaucoma,3,test,Glaucoma,0,Normal,0.73049825,False,0.73049825,0.0069357157,0.0003975397,0.26216844,Glaucoma -> Normal
d:\Practice Projects\Disease Detection\dataset\Eye Disease detection\glaucoma\1220_right.jpg,Eye Disease detection,glaucoma,Glaucoma,3,test,Glaucoma,0,Normal,0.7484406,False,0.7484406,4.1359664e-05,0.07141446,0.18010357,Glaucoma -> Normal
d:\Practice Projects\Disease Detection\dataset\GlaucomaFundusImaging\ORIGA\Images\641.jpg,GlaucomaFundusImaging/ORIGA,1,Glaucoma,3,test,Glaucoma,0,Normal,0.7372412,False,0.7372412,0.0001138192,0.0002035252,0.26244137,Glaucoma -> Normal
d:\Practice Projects\Disease Detection\dataset\GlaucomaFundusImaging\ORIGA\Images\624.jpg,GlaucomaFundusImaging/ORIGA,1,Glaucoma,3,test,Glaucoma,0,Normal,0.79010785,False,0.79010785,3.7223424e-06,0.00010705664,0.20978133,Glaucoma -> Normal
d:\Practice Projects\Disease Detection\dataset\GlaucomaFundusImaging\G1020\Images\image_2473.jpg,GlaucomaFundusImaging/G1020,1,Glaucoma,3,test,Glaucoma,0,Normal,0.57767284,False,0.57767284,5.8044883e-05,0.3697398,0.05252931,Glaucoma -> Normal
d:\Practice Projects\Disease Detection\dataset\GlaucomaFundusImaging\ORIGA\Images\508.jpg,GlaucomaFundusImaging/ORIGA,1,Glaucoma,3,test,Glaucoma,0,Normal,0.5443723,False,0.5443723,0.35333082,0.00063824997,0.101658635,Glaucoma -> Normal
d:\Practice Projects\Disease Detection\dataset\GlaucomaFundusImaging\G1020\Images\image_1525.jpg,GlaucomaFundusImaging/G1020,1,Glaucoma,3,test,Glaucoma,0,Normal,0.78256255,False,0.78256255,0.00026570776,0.0010886487,0.21608305,Glaucoma -> Normal
d:\Practice Projects\Disease Detection\dataset\Eye Disease detection\glaucoma\1469_left.jpg,Eye Disease detection,glaucoma,Glaucoma,3,test,Glaucoma,0,Normal,0.7201402,False,0.7201402,0.00020305598,0.00085377455,0.27880293,Glaucoma -> Normal
d:\Practice Projects\Disease Detection\dataset\GlaucomaFundusImaging\G1020\Images\image_360.jpg,GlaucomaFundusImaging/G1020,1,Glaucoma,3,test,Glaucoma,0,Normal,0.6460071,False,0.6460071,0.00035477683,0.0016365278,0.35200155,Glaucoma -> Normal
d:\Practice Projects\Disease Detection\dataset\Eye Disease detection\glaucoma\_155_1218981.jpg,Eye Disease detection,glaucoma,Glaucoma,3,test,Glaucoma,1,Cataract,0.92034626,False,0.012633344,0.92034626,0.01243281,0.054587558,Glaucoma -> Cataract
d:\Practice Projects\Disease Detection\dataset\Eye Disease detection\glaucoma\1327_right.jpg,Eye Disease detection,glaucoma,Glaucoma,3,test,Glaucoma,0,Normal,0.62213296,False,0.62213296,0.0027948935,0.21156134,0.1635108,Glaucoma -> Normal
d:\Practice Projects\Disease Detection\dataset\GlaucomaFundusImaging\G1020\Images\image_1898.jpg,GlaucomaFundusImaging/G1020,1,Glaucoma,3,test,Glaucoma,0,Normal,0.8382167,False,0.8382167,6.148898e-05,0.0016100882,0.1601117,Glaucoma -> Normal
d:\Practice Projects\Disease Detection\dataset\Eye Disease detection\glaucoma\1334_left.jpg,Eye Disease detection,glaucoma,Glaucoma,3,test,Glaucoma,0,Normal,0.81417847,False,0.81417847,0.00041458738,0.006930016,0.17847696,Glaucoma -> Normal
d:\Practice Projects\Disease Detection\dataset\Eye Disease detection\glaucoma\_185_1242583.jpg,Eye Disease detection,glaucoma,Glaucoma,3,test,Glaucoma,1,Cataract,0.4832138,False,0.19169898,0.4832138,0.02991873,0.2951685,Glaucoma -> Cataract
d:\Practice Projects\Disease Detection\dataset\GlaucomaFundusImaging\G1020\Images\image_1526.jpg,GlaucomaFundusImaging/G1020,1,Glaucoma,3,test,Glaucoma,0,Normal,0.9276993,False,0.9276993,0.00040275342,0.034657232,0.037240636,Glaucoma -> Normal
d:\Practice Projects\Disease Detection\dataset\Eye Disease detection\glaucoma\2020_left.jpg,Eye Disease detection,glaucoma,Glaucoma,3,test,Glaucoma,0,Normal,0.47989023,False,0.47989023,0.0045520137,0.21960074,0.29595697,Glaucoma -> Normal
d:\Practice Projects\Disease Detection\dataset\Eye Disease detection\glaucoma\1334_right.jpg,Eye Disease detection,glaucoma,Glaucoma,3,test,Glaucoma,0,Normal,0.9631089,False,0.9631089,5.4146254e-05,0.0021130883,0.03472392,Glaucoma -> Normal
d:\Practice Projects\Disease Detection\dataset\Eye Disease detection\glaucoma\1330_right.jpg,Eye Disease detection,glaucoma,Glaucoma,3,test,Glaucoma,0,Normal,0.6135775,False,0.6135775,0.00044431048,0.014253767,0.37172443,Glaucoma -> Normal
d:\Practice Projects\Disease Detection\dataset\GlaucomaFundusImaging\G1020\Images\image_114.jpg,GlaucomaFundusImaging/G1020,1,Glaucoma,3,test,Glaucoma,0,Normal,0.6620875,False,0.6620875,0.00036377096,0.001204319,0.33634442,Glaucoma -> Normal
d:\Practice Projects\Disease Detection\dataset\GlaucomaFundusImaging\G1020\Images\image_1004.jpg,GlaucomaFundusImaging/G1020,1,Glaucoma,3,test,Glaucoma,0,Normal,0.68020076,False,0.68020076,0.00017693089,0.00021123738,0.31941104,Glaucoma -> Normal
d:\Practice Projects\Disease Detection\dataset\GlaucomaFundusImaging\G1020\Images\image_2605.jpg,GlaucomaFundusImaging/G1020,1,Glaucoma,3,test,Glaucoma,0,Normal,0.84874356,False,0.84874356,0.010888327,0.0005543259,0.13981372,Glaucoma -> Normal
d:\Practice Projects\Disease Detection\dataset\GlaucomaFundusImaging\ORIGA\Images\317.jpg,GlaucomaFundusImaging/ORIGA,1,Glaucoma,3,test,Glaucoma,0,Normal,0.57530016,False,0.57530016,0.0005153508,0.00030069062,0.42388383,Glaucoma -> Normal
d:\Practice Projects\Disease Detection\dataset\Eye Disease detection\glaucoma\1248_right.jpg,Eye Disease detection,glaucoma,Glaucoma,3,test,Glaucoma,0,Normal,0.51213247,False,0.51213247,0.0003265805,0.030604327,0.4569366,Glaucoma -> Normal
d:\Practice Projects\Disease Detection\dataset\GlaucomaFundusImaging\G1020\Images\image_2050.jpg,GlaucomaFundusImaging/G1020,1,Glaucoma,3,test,Glaucoma,0,Normal,0.8308085,False,0.8308085,0.003087109,0.05084339,0.115260914,Glaucoma -> Normal
d:\Practice Projects\Disease Detection\dataset\Eye Disease detection\glaucoma\1497_left.jpg,Eye Disease detection,glaucoma,Glaucoma,3,test,Glaucoma,0,Normal,0.56787866,False,0.56787866,2.1747494e-06,0.0003221276,0.4317971,Glaucoma -> Normal
d:\Practice Projects\Disease Detection\dataset\GlaucomaFundusImaging\G1020\Images\image_1799.jpg,GlaucomaFundusImaging/G1020,1,Glaucoma,3,test,Glaucoma,0,Normal,0.5270587,False,0.5270587,0.0007668209,0.46025905,0.011915393,Glaucoma -> Normal
d:\Practice Projects\Disease Detection\dataset\GlaucomaFundusImaging\G1020\Images\image_3023.jpg,GlaucomaFundusImaging/G1020,1,Glaucoma,3,test,Glaucoma,0,Normal,0.9663158,False,0.9663158,5.700806e-05,0.00030673743,0.03332044,Glaucoma -> Normal
d:\Practice Projects\Disease Detection\dataset\GlaucomaFundusImaging\G1020\Images\image_659.jpg,GlaucomaFundusImaging/G1020,1,Glaucoma,3,test,Glaucoma,0,Normal,0.8824497,False,0.8824497,0.0020258399,0.0024080514,0.11311646,Glaucoma -> Normal
d:\Practice Projects\Disease Detection\dataset\Eye Disease detection\glaucoma\1297_left.jpg,Eye Disease detection,glaucoma,Glaucoma,3,test,Glaucoma,0,Normal,0.73060644,False,0.73060644,0.0039142887,0.06325791,0.20222138,Glaucoma -> Normal
d:\Practice Projects\Disease Detection\dataset\Eye Disease detection\glaucoma\_57_1814825.jpg,Eye Disease detection,glaucoma,Glaucoma,3,test,Glaucoma,1,Cataract,0.96884155,False,0.002964163,0.96884155,0.014043337,0.014150855,Glaucoma -> Cataract
d:\Practice Projects\Disease Detection\dataset\GlaucomaFundusImaging\G1020\Images\image_1081.jpg,GlaucomaFundusImaging/G1020,1,Glaucoma,3,test,Glaucoma,0,Normal,0.5750869,False,0.5750869,0.0004297082,0.0010133302,0.42347008,Glaucoma -> Normal
d:\Practice Projects\Disease Detection\dataset\GlaucomaFundusImaging\ORIGA\Images\362.jpg,GlaucomaFundusImaging/ORIGA,1,Glaucoma,3,test,Glaucoma,0,Normal,0.9001294,False,0.9001294,0.00015093319,0.00028575514,0.0994339,Glaucoma -> Normal
d:\Practice Projects\Disease Detection\dataset\GlaucomaFundusImaging\G1020\Images\image_2784.jpg,GlaucomaFundusImaging/G1020,1,Glaucoma,3,test,Glaucoma,0,Normal,0.86385703,False,0.86385703,0.0017545448,0.0019801224,0.13240838,Glaucoma -> Normal
d:\Practice Projects\Disease Detection\dataset\GlaucomaFundusImaging\G1020\Images\image_3168.jpg,GlaucomaFundusImaging/G1020,1,Glaucoma,3,test,Glaucoma,0,Normal,0.71187353,False,0.71187353,5.730373e-05,0.00060981786,0.28745937,Glaucoma -> Normal
d:\Practice Projects\Disease Detection\dataset\GlaucomaFundusImaging\G1020\Images\image_3024.jpg,GlaucomaFundusImaging/G1020,1,Glaucoma,3,test,Glaucoma,0,Normal,0.82841414,False,0.82841414,0.003318715,0.0058509423,0.16241616,Glaucoma -> Normal
d:\Practice Projects\Disease Detection\dataset\Eye Disease detection\glaucoma\1496_right.jpg,Eye Disease detection,glaucoma,Glaucoma,3,test,Glaucoma,0,Normal,0.72911304,False,0.72911304,9.215809e-06,0.030070229,0.2408075,Glaucoma -> Normal
d:\Practice Projects\Disease Detection\dataset\GlaucomaFundusImaging\G1020\Images\image_20.jpg,GlaucomaFundusImaging/G1020,1,Glaucoma,3,test,Glaucoma,0,Normal,0.86459476,False,0.86459476,0.0017657952,0.00036021206,0.1332792,Glaucoma -> Normal
d:\Practice Projects\Disease Detection\dataset\GlaucomaFundusImaging\G1020\Images\image_2201.jpg,GlaucomaFundusImaging/G1020,1,Glaucoma,3,test,Glaucoma,0,Normal,0.7969971,False,0.7969971,0.00013419325,0.00027605763,0.20259255,Glaucoma -> Normal
d:\Practice Projects\Disease Detection\dataset\Eye Disease detection\glaucoma\_155_4972319.jpg,Eye Disease detection,glaucoma,Glaucoma,3,test,Glaucoma,1,Cataract,0.9799065,False,0.0012231689,0.9799065,0.010277818,0.008592507,Glaucoma -> Cataract
d:\Practice Projects\Disease Detection\dataset\GlaucomaFundusImaging\G1020\Images\image_2861.jpg,GlaucomaFundusImaging/G1020,1,Glaucoma,3,test,Glaucoma,0,Normal,0.9046534,False,0.9046534,0.0007241368,0.0036753474,0.09094715,Glaucoma -> Normal
d:\Practice Projects\Disease Detection\dataset\Eye Disease detection\glaucoma\1985_left.jpg,Eye Disease detection,glaucoma,Glaucoma,3,test,Glaucoma,0,Normal,0.6957927,False,0.6957927,0.00058879046,0.017036218,0.28658232,Glaucoma -> Normal
d:\Practice Projects\Disease Detection\dataset\GlaucomaFundusImaging\ORIGA\Images\072.jpg,GlaucomaFundusImaging/ORIGA,1,Glaucoma,3,test,Glaucoma,0,Normal,0.79601693,False,0.79601693,0.00054130075,0.0007767215,0.20266509,Glaucoma -> Normal
d:\Practice Projects\Disease Detection\dataset\Eye Disease detection\glaucoma\1222_right.jpg,Eye Disease detection,glaucoma,Glaucoma,3,test,Glaucoma,0,Normal,0.6126663,False,0.6126663,0.000103415194,0.18519345,0.20203681,Glaucoma -> Normal
d:\Practice Projects\Disease Detection\dataset\GlaucomaFundusImaging\G1020\Images\image_1080.jpg,GlaucomaFundusImaging/G1020,1,Glaucoma,3,test,Glaucoma,0,Normal,0.49922407,False,0.49922407,0.00062120106,0.48953328,0.0106214285,Glaucoma -> Normal
d:\Practice Projects\Disease Detection\dataset\Eye Disease detection\glaucoma\1301_left.jpg,Eye Disease detection,glaucoma,Glaucoma,3,test,Glaucoma,2,Diabetic Retinopathy,0.7664147,False,0.19287494,0.0025340428,0.7664147,0.038176402,Glaucoma -> Diabetic Retinopathy
d:\Practice Projects\Disease Detection\dataset\GlaucomaFundusImaging\G1020\Images\image_1579.jpg,GlaucomaFundusImaging/G1020,1,Glaucoma,3,test,Glaucoma,0,Normal,0.9182234,False,0.9182234,0.0011178219,0.020313665,0.060345203,Glaucoma -> Normal
d:\Practice Projects\Disease Detection\dataset\Eye Disease detection\glaucoma\1287_left.jpg,Eye Disease detection,glaucoma,Glaucoma,3,test,Glaucoma,0,Normal,0.879893,False,0.879893,0.0014785412,0.02023987,0.09838853,Glaucoma -> Normal
d:\Practice Projects\Disease Detection\dataset\Eye Disease detection\glaucoma\_399_7128170.jpg,Eye Disease detection,glaucoma,Glaucoma,3,test,Glaucoma,1,Cataract,0.95342296,False,7.1476476e-05,0.95342296,2.7819144e-06,0.04650285,Glaucoma -> Cataract
d:\Practice Projects\Disease Detection\dataset\Eye Disease detection\glaucoma\1436_left.jpg,Eye Disease detection,glaucoma,Glaucoma,3,test,Glaucoma,0,Normal,0.9455446,False,0.9455446,0.0001726382,0.008233473,0.046049323,Glaucoma -> Normal
d:\Practice Projects\Disease Detection\dataset\Eye Disease detection\glaucoma\1351_right.jpg,Eye Disease detection,glaucoma,Glaucoma,3,test,Glaucoma,0,Normal,0.8336662,False,0.8336662,0.0003020671,0.046225768,0.119805925,Glaucoma -> Normal
d:\Practice Projects\Disease Detection\dataset\GlaucomaFundusImaging\G1020\Images\image_1902.jpg,GlaucomaFundusImaging/G1020,1,Glaucoma,3,test,Glaucoma,0,Normal,0.905643,False,0.905643,0.00018756463,0.061542585,0.032626875,Glaucoma -> Normal
d:\Practice Projects\Disease Detection\dataset\Eye Disease detection\glaucoma\_197_9225516.jpg,Eye Disease detection,glaucoma,Glaucoma,3,test,Glaucoma,1,Cataract,0.9960437,False,0.000917832,0.9960437,7.239664e-05,0.002966048,Glaucoma -> Cataract
d:\Practice Projects\Disease Detection\dataset\Eye Disease detection\glaucoma\1267_right.jpg,Eye Disease detection,glaucoma,Glaucoma,3,test,Glaucoma,0,Normal,0.7705357,False,0.7705357,0.048744585,0.00032955318,0.18039018,Glaucoma -> Normal
d:\Practice Projects\Disease Detection\dataset\GlaucomaFundusImaging\G1020\Images\image_2532.jpg,GlaucomaFundusImaging/G1020,1,Glaucoma,3,test,Glaucoma,0,Normal,0.90342665,False,0.90342665,0.00270894,0.005057678,0.08880677,Glaucoma -> Normal
d:\Practice Projects\Disease Detection\dataset\GlaucomaFundusImaging\ORIGA\Images\246.jpg,GlaucomaFundusImaging/ORIGA,1,Glaucoma,3,test,Glaucoma,0,Normal,0.96882075,False,0.96882075,7.062645e-05,0.00017023532,0.030938348,Glaucoma -> Normal
d:\Practice Projects\Disease Detection\dataset\GlaucomaFundusImaging\G1020\Images\image_2230.jpg,GlaucomaFundusImaging/G1020,1,Glaucoma,3,test,Glaucoma,0,Normal,0.934583,False,0.934583,0.004395004,0.00055057026,0.060471363,Glaucoma -> Normal
d:\Practice Projects\Disease Detection\dataset\GlaucomaFundusImaging\ORIGA\Images\650.jpg,GlaucomaFundusImaging/ORIGA,1,Glaucoma,3,test,Glaucoma,0,Normal,0.95733064,False,0.95733064,2.2206774e-05,5.9742128e-05,0.042587463,Glaucoma -> Normal
d:\Practice Projects\Disease Detection\dataset\Eye Disease detection\glaucoma\_116_1943666.jpg,Eye Disease detection,glaucoma,Glaucoma,3,test,Glaucoma,0,Normal,0.8264516,False,0.8264516,0.00026487466,0.06935592,0.10392758,Glaucoma -> Normal
d:\Practice Projects\Disease Detection\dataset\GlaucomaFundusImaging\G1020\Images\image_1875.jpg,GlaucomaFundusImaging/G1020,1,Glaucoma,3,test,Glaucoma,0,Normal,0.9048744,False,0.9048744,0.0009845176,0.028249374,0.06589173,Glaucoma -> Normal
d:\Practice Projects\Disease Detection\dataset\GlaucomaFundusImaging\G1020\Images\image_3064.jpg,GlaucomaFundusImaging/G1020,1,Glaucoma,3,test,Glaucoma,0,Normal,0.8569868,False,0.8569868,0.07653286,0.009082693,0.057397578,Glaucoma -> Normal
d:\Practice Projects\Disease Detection\dataset\GlaucomaFundusImaging\G1020\Images\image_2661.jpg,GlaucomaFundusImaging/G1020,1,Glaucoma,3,test,Glaucoma,0,Normal,0.66681343,False,0.66681343,0.0010621126,0.002190691,0.32993373,Glaucoma -> Normal
d:\Practice Projects\Disease Detection\dataset\GlaucomaFundusImaging\G1020\Images\image_1935.jpg,GlaucomaFundusImaging/G1020,1,Glaucoma,3,test,Glaucoma,0,Normal,0.9300735,False,0.9300735,0.0006950636,0.015841365,0.05339012,Glaucoma -> Normal
d:\Practice Projects\Disease Detection\dataset\Eye Disease detection\glaucoma\_183_3784240.jpg,Eye Disease detection,glaucoma,Glaucoma,3,test,Glaucoma,1,Cataract,0.8219434,False,0.043750323,0.8219434,0.0010809998,0.13322526,Glaucoma -> Cataract
d:\Practice Projects\Disease Detection\dataset\Eye Disease detection\glaucoma\1425_right.jpg,Eye Disease detection,glaucoma,Glaucoma,3,test,Glaucoma,0,Normal,0.91326046,False,0.91326046,0.0005855621,0.00019736904,0.085956536,Glaucoma -> Normal
d:\Practice Projects\Disease Detection\dataset\Eye Disease detection\glaucoma\_98_763638.jpg,Eye Disease detection,glaucoma,Glaucoma,3,test,Glaucoma,1,Cataract,0.99001515,False,0.0024869214,0.99001515,0.00022093856,0.007277094,Glaucoma -> Cataract
d:\Practice Projects\Disease Detection\dataset\GlaucomaFundusImaging\ORIGA\Images\337.jpg,GlaucomaFundusImaging/ORIGA,1,Glaucoma,3,test,Glaucoma,0,Normal,0.85247266,False,0.85247266,0.0014228065,0.0001673989,0.14593716,Glaucoma -> Normal
d:\Practice Projects\Disease Detection\dataset\Eye Disease detection\glaucoma\_60_3287251.jpg,Eye Disease detection,glaucoma,Glaucoma,3,test,Glaucoma,1,Cataract,0.9242988,False,0.0032325515,0.9242988,6.2321e-05,0.07240633,Glaucoma -> Cataract
d:\Practice Projects\Disease Detection\dataset\GlaucomaFundusImaging\ORIGA\Images\229.jpg,GlaucomaFundusImaging/ORIGA,1,Glaucoma,3,test,Glaucoma,0,Normal,0.85109943,False,0.85109943,4.0504998e-05,0.00020215526,0.14865795,Glaucoma -> Normal
d:\Practice Projects\Disease Detection\dataset\Eye Disease detection\glaucoma\_145_9843041.jpg,Eye Disease detection,glaucoma,Glaucoma,3,test,Glaucoma,0,Normal,0.50662094,False,0.50662094,0.00013418453,0.0038639288,0.4893809,Glaucoma -> Normal
d:\Practice Projects\Disease Detection\dataset\GlaucomaFundusImaging\ORIGA\Images\486.jpg,GlaucomaFundusImaging/ORIGA,1,Glaucoma,3,test,Glaucoma,0,Normal,0.6572601,False,0.6572601,0.015122016,0.0019934217,0.32562447,Glaucoma -> Normal
d:\Practice Projects\Disease Detection\dataset\Eye Disease detection\glaucoma\_399_8219023.jpg,Eye Disease detection,glaucoma,Glaucoma,3,test,Glaucoma,1,Cataract,0.9549343,False,7.645662e-05,0.9549343,6.0840107e-06,0.044983216,Glaucoma -> Cataract
d:\Practice Projects\Disease Detection\dataset\GlaucomaFundusImaging\G1020\Images\image_1498.jpg,GlaucomaFundusImaging/G1020,1,Glaucoma,3,test,Glaucoma,0,Normal,0.8815831,False,0.8815831,0.0005773406,0.012919525,0.104920045,Glaucoma -> Normal
d:\Practice Projects\Disease Detection\dataset\Eye Disease detection\glaucoma\1494_left.jpg,Eye Disease detection,glaucoma,Glaucoma,3,test,Glaucoma,2,Diabetic Retinopathy,0.97039276,False,0.010375282,0.0011949217,0.97039276,0.018036934,Glaucoma -> Diabetic Retinopathy
d:\Practice Projects\Disease Detection\dataset\GlaucomaFundusImaging\G1020\Images\image_2562.jpg,GlaucomaFundusImaging/G1020,1,Glaucoma,3,test,Glaucoma,0,Normal,0.88683945,False,0.88683945,0.0005429986,0.07425786,0.038359687,Glaucoma -> Normal
d:\Practice Projects\Disease Detection\dataset\GlaucomaFundusImaging\G1020\Images\image_386.jpg,GlaucomaFundusImaging/G1020,1,Glaucoma,3,test,Glaucoma,0,Normal,0.74890196,False,0.74890196,0.00062376744,0.0014469886,0.24902725,Glaucoma -> Normal
d:\Practice Projects\Disease Detection\dataset\GlaucomaFundusImaging\G1020\Images\image_1714.jpg,GlaucomaFundusImaging/G1020,1,Glaucoma,3,test,Glaucoma,0,Normal,0.9480728,False,0.9480728,0.00090896274,0.00025027053,0.050767962,Glaucoma -> Normal
d:\Practice Projects\Disease Detection\dataset\Eye Disease detection\glaucoma\1436_right.jpg,Eye Disease detection,glaucoma,Glaucoma,3,test,Glaucoma,0,Normal,0.9728378,False,0.9728378,7.509482e-05,0.00015981669,0.026927274,Glaucoma -> Normal
d:\Practice Projects\Disease Detection\dataset\Eye Disease detection\glaucoma\1281_left.jpg,Eye Disease detection,glaucoma,Glaucoma,3,test,Glaucoma,0,Normal,0.51558656,False,0.51558656,0.0108472835,0.039439756,0.43412644,Glaucoma -> Normal
d:\Practice Projects\Disease Detection\dataset\GlaucomaFundusImaging\ORIGA\Images\353.jpg,GlaucomaFundusImaging/ORIGA,1,Glaucoma,3,test,Glaucoma,0,Normal,0.8253711,False,0.8253711,0.0010782834,0.00011602269,0.1734346,Glaucoma -> Normal
d:\Practice Projects\Disease Detection\dataset\GlaucomaFundusImaging\ORIGA\Images\458.jpg,GlaucomaFundusImaging/ORIGA,1,Glaucoma,3,test,Glaucoma,0,Normal,0.51215595,False,0.51215595,6.657027e-06,0.00023233624,0.4876051,Glaucoma -> Normal
d:\Practice Projects\Disease Detection\dataset\Eye Disease detection\glaucoma\_44_8455804.jpg,Eye Disease detection,glaucoma,Glaucoma,3,test,Glaucoma,1,Cataract,0.5550155,False,0.0007482348,0.5550155,0.00015732163,0.44407898,Glaucoma -> Cataract
d:\Practice Projects\Disease Detection\dataset\GlaucomaFundusImaging\G1020\Images\image_110.jpg,GlaucomaFundusImaging/G1020,1,Glaucoma,3,test,Glaucoma,0,Normal,0.7574442,False,0.7574442,0.0025454133,0.0028627971,0.23714761,Glaucoma -> Normal
