image_path,true_class_id,true_disease,predicted_class_id,predicted_disease,confidence,correct_prediction,prob_normal,prob_cataract,prob_diabetic_retinopathy,prob_glaucoma,is_glaucoma_correct,error_type
d:\Practice Projects\Disease Detection\dataset\Eye Disease detection\glaucoma\_28_7296137.jpg,3,Glaucoma,1,Cataract,0.5652755498886108,False,0.0309457965195179,0.5652755498886108,2.9921727673354326e-06,0.4037756323814392,False,Glaucoma misclassified as Cataract
d:\Practice Projects\Disease Detection\dataset\Eye Disease detection\glaucoma\1247_right.jpg,3,Glaucoma,0,Normal,0.4984953999519348,False,0.4984953999519348,0.13771593570709229,0.1575920730829239,0.2061966210603714,False,Glaucoma misclassified as Normal
d:\Practice Projects\Disease Detection\dataset\Eye Disease detection\glaucoma\_124_11722.jpg,3,Glaucoma,3,Glaucoma,0.9491299390792847,True,0.05021815747022629,0.0005431100144051015,0.00010873237624764442,0.9491299390792847,True,Correct Glaucoma
d:\Practice Projects\Disease Detection\dataset\GlaucomaFundusImaging\ORIGA\Images\284.jpg,3,Glaucoma,3,Glaucoma,0.5259148478507996,True,0.47332412004470825,0.0007331394590437412,2.7915675673284568e-05,0.5259148478507996,True,Correct Glaucoma
d:\Practice Projects\Disease Detection\dataset\Eye Disease detection\glaucoma\_174_2440424.jpg,3,Glaucoma,3,Glaucoma,0.8081469535827637,True,0.1885654628276825,0.0010608722222968936,0.0022266944870352745,0.8081469535827637,True,Correct Glaucoma
d:\Practice Projects\Disease Detection\dataset\Eye Disease detection\glaucoma\_0_4517448.jpg,3,Glaucoma,3,Glaucoma,0.9837270975112915,True,0.015897905454039574,9.238430607183545e-07,0.00037402735324576497,0.9837270975112915,True,Correct Glaucoma
d:\Practice Projects\Disease Detection\dataset\GlaucomaFundusImaging\G1020\Images\image_1877.jpg,3,Glaucoma,0,Normal,0.7398263216018677,False,0.7398263216018677,0.02069123089313507,0.004521505441516638,0.2349608838558197,False,Glaucoma misclassified as Normal
d:\Practice Projects\Disease Detection\dataset\GlaucomaFundusImaging\G1020\Images\image_2512.jpg,3,Glaucoma,0,Normal,0.6780157089233398,False,0.6780157089233398,0.0005319139454513788,0.0027753834147006273,0.31867703795433044,False,Glaucoma misclassified as Normal
d:\Practice Projects\Disease Detection\dataset\Eye Disease detection\glaucoma\_258_6391320.jpg,3,Glaucoma,1,Cataract,0.9985835552215576,False,0.0008582603768445551,0.9985835552215576,8.677596952111344e-07,0.0005573678645305336,False,Glaucoma misclassified as Cataract
d:\Practice Projects\Disease Detection\dataset\GlaucomaFundusImaging\G1020\Images\image_940.jpg,3,Glaucoma,0,Normal,0.8482770919799805,False,0.8482770919799805,0.002677538665011525,0.0016360670560970902,0.1474093347787857,False,Glaucoma misclassified as Normal
d:\Practice Projects\Disease Detection\dataset\GlaucomaFundusImaging\ORIGA\Images\306.jpg,3,Glaucoma,0,Normal,0.6442626714706421,False,0.6442626714706421,0.0001861217460827902,0.0006492803222499788,0.35490188002586365,False,Glaucoma misclassified as Normal
d:\Practice Projects\Disease Detection\dataset\Eye Disease detection\glaucoma\_251_8769594.jpg,3,Glaucoma,3,Glaucoma,0.9722028970718384,True,0.027751756832003593,5.831450380355818e-07,4.473726585274562e-05,0.9722028970718384,True,Correct Glaucoma
d:\Practice Projects\Disease Detection\dataset\Eye Disease detection\glaucoma\_204_7650115.jpg,3,Glaucoma,3,Glaucoma,0.9361668229103088,True,0.023988453671336174,0.03163793310523033,0.008206724189221859,0.9361668229103088,True,Correct Glaucoma
d:\Practice Projects\Disease Detection\dataset\Eye Disease detection\glaucoma\_240_968094.jpg,3,Glaucoma,3,Glaucoma,0.8481295108795166,True,0.14744418859481812,0.0005190326482988894,0.003907209262251854,0.8481295108795166,True,Correct Glaucoma
d:\Practice Projects\Disease Detection\dataset\Eye Disease detection\glaucoma\_113_3440509.jpg,3,Glaucoma,3,Glaucoma,0.9151928424835205,True,0.03947528824210167,0.045161809772253036,0.00017000430671032518,0.9151928424835205,True,Correct Glaucoma
d:\Practice Projects\Disease Detection\dataset\Eye Disease detection\glaucoma\_401_6044320.jpg,3,Glaucoma,3,Glaucoma,0.8937643766403198,True,0.0013633334310725331,0.10480038821697235,7.191947952378541e-05,0.8937643766403198,True,Correct Glaucoma
d:\Practice Projects\Disease Detection\dataset\Eye Disease detection\glaucoma\_377_8059232.jpg,3,Glaucoma,3,Glaucoma,0.985893964767456,True,0.005475882440805435,0.00807730108499527,0.000552869401872158,0.985893964767456,True,Correct Glaucoma
d:\Practice Projects\Disease Detection\dataset\Eye Disease detection\glaucoma\1426_left.jpg,3,Glaucoma,0,Normal,0.5406778454780579,False,0.5406778454780579,0.010436099953949451,0.02857552282512188,0.42031052708625793,False,Glaucoma misclassified as Normal
d:\Practice Projects\Disease Detection\dataset\Eye Disease detection\glaucoma\Glaucoma_086.png,3,Glaucoma,3,Glaucoma,0.7986255884170532,True,0.017370527610182762,0.00014420242223422974,0.1838596910238266,0.7986255884170532,True,Correct Glaucoma
d:\Practice Projects\Disease Detection\dataset\Eye Disease detection\glaucoma\1419_left.jpg,3,Glaucoma,0,Normal,0.6590420603752136,False,0.6590420603752136,0.00013531434524338692,0.005039106588810682,0.335783451795578,False,Glaucoma misclassified as Normal
d:\Practice Projects\Disease Detection\dataset\Eye Disease detection\glaucoma\1465_right.jpg,3,Glaucoma,0,Normal,0.7765135169029236,False,0.7765135169029236,0.05104104056954384,0.012882519513368607,0.1595628708600998,False,Glaucoma misclassified as Normal
d:\Practice Projects\Disease Detection\dataset\Eye Disease detection\glaucoma\_355_9019995.jpg,3,Glaucoma,3,Glaucoma,0.995151162147522,True,0.0023399267811328173,0.00249579013325274,1.317188889515819e-05,0.995151162147522,True,Correct Glaucoma
d:\Practice Projects\Disease Detection\dataset\Eye Disease detection\glaucoma\_43_5688154.jpg,3,Glaucoma,0,Normal,0.5132111310958862,False,0.5132111310958862,4.600113970809616e-05,3.814375531874248e-06,0.4867391586303711,False,Glaucoma misclassified as Normal
d:\Practice Projects\Disease Detection\dataset\Eye Disease detection\glaucoma\1215_right.jpg,3,Glaucoma,3,Glaucoma,0.6925151348114014,True,0.21084120869636536,0.0559854656457901,0.04065821319818497,0.6925151348114014,True,Correct Glaucoma
d:\Practice Projects\Disease Detection\dataset\Eye Disease detection\glaucoma\_287_8369950.jpg,3,Glaucoma,3,Glaucoma,0.8942962288856506,True,0.07121691107749939,0.032405611127614975,0.0020811883732676506,0.8942962288856506,True,Correct Glaucoma
d:\Practice Projects\Disease Detection\dataset\Eye Disease detection\glaucoma\_283_6275047.jpg,3,Glaucoma,3,Glaucoma,0.9283033013343811,True,0.0501190647482872,0.009168689139187336,0.012408985756337643,0.9283033013343811,True,Correct Glaucoma
d:\Practice Projects\Disease Detection\dataset\Eye Disease detection\glaucoma\_20_7421444.jpg,3,Glaucoma,3,Glaucoma,0.9413305521011353,True,0.05767602473497391,6.442240555770695e-05,0.0009289606241509318,0.9413305521011353,True,Correct Glaucoma
d:\Practice Projects\Disease Detection\dataset\Eye Disease detection\glaucoma\_357_7848484.jpg,3,Glaucoma,3,Glaucoma,0.9778286218643188,True,0.0029642388690263033,0.017910784110426903,0.0012963906629011035,0.9778286218643188,True,Correct Glaucoma
d:\Practice Projects\Disease Detection\dataset\GlaucomaFundusImaging\G1020\Images\image_111.jpg,3,Glaucoma,0,Normal,0.7304985523223877,False,0.7304985523223877,0.0069357058964669704,0.00039753856253810227,0.26216819882392883,False,Glaucoma misclassified as Normal
d:\Practice Projects\Disease Detection\dataset\Eye Disease detection\glaucoma\_246_1688391.jpg,3,Glaucoma,3,Glaucoma,0.7736907601356506,True,0.02153266966342926,0.020569011569023132,0.18420755863189697,0.7736907601356506,True,Correct Glaucoma
d:\Practice Projects\Disease Detection\dataset\Eye Disease detection\glaucoma\_372_153571.jpg,3,Glaucoma,3,Glaucoma,0.9475278258323669,True,0.0032268441282212734,0.049218177795410156,2.7145440981257707e-05,0.9475278258323669,True,Correct Glaucoma
d:\Practice Projects\Disease Detection\dataset\Eye Disease detection\glaucoma\1220_right.jpg,3,Glaucoma,0,Normal,0.7484407424926758,False,0.7484407424926758,4.1359591705258936e-05,0.07141458988189697,0.18010322749614716,False,Glaucoma misclassified as Normal
d:\Practice Projects\Disease Detection\dataset\Eye Disease detection\glaucoma\Glaucoma_079.png,3,Glaucoma,3,Glaucoma,0.9610046744346619,True,0.037877172231674194,0.00036170700332149863,0.0007565012783743441,0.9610046744346619,True,Correct Glaucoma
d:\Practice Projects\Disease Detection\dataset\Eye Disease detection\glaucoma\_248_1971812.jpg,3,Glaucoma,3,Glaucoma,0.8302863240242004,True,0.0264551043510437,0.029878675937652588,0.11337991058826447,0.8302863240242004,True,Correct Glaucoma
d:\Practice Projects\Disease Detection\dataset\Eye Disease detection\glaucoma\Glaucoma_044.png,3,Glaucoma,3,Glaucoma,0.9904156923294067,True,0.007850509136915207,0.0010045991512015462,0.00072912109317258,0.9904156923294067,True,Correct Glaucoma
d:\Practice Projects\Disease Detection\dataset\GlaucomaFundusImaging\ORIGA\Images\641.jpg,3,Glaucoma,0,Normal,0.7372412085533142,False,0.7372412085533142,0.00011381953663658351,0.00020352423598524183,0.26244136691093445,False,Glaucoma misclassified as Normal
d:\Practice Projects\Disease Detection\dataset\GlaucomaFundusImaging\ORIGA\Images\624.jpg,3,Glaucoma,0,Normal,0.7901073694229126,False,0.7901073694229126,3.7223187518975465e-06,0.0001070561702363193,0.20978179574012756,False,Glaucoma misclassified as Normal
d:\Practice Projects\Disease Detection\dataset\Eye Disease detection\glaucoma\_276_1824789.jpg,3,Glaucoma,3,Glaucoma,0.9608372449874878,True,0.013248397037386894,0.014517703093588352,0.011396663263440132,0.9608372449874878,True,Correct Glaucoma
d:\Practice Projects\Disease Detection\dataset\GlaucomaFundusImaging\ORIGA\Images\241.jpg,3,Glaucoma,3,Glaucoma,0.9298921227455139,True,0.06865950673818588,1.8200282283942215e-05,0.001430212752893567,0.9298921227455139,True,Correct Glaucoma
d:\Practice Projects\Disease Detection\dataset\GlaucomaFundusImaging\G1020\Images\image_2473.jpg,3,Glaucoma,0,Normal,0.5776724815368652,False,0.5776724815368652,5.8045010518981144e-05,0.36973991990089417,0.052529580891132355,False,Glaucoma misclassified as Normal
d:\Practice Projects\Disease Detection\dataset\GlaucomaFundusImaging\ORIGA\Images\508.jpg,3,Glaucoma,0,Normal,0.5443724393844604,False,0.5443724393844604,0.353331059217453,0.0006382461288012564,0.10165829211473465,False,Glaucoma misclassified as Normal
d:\Practice Projects\Disease Detection\dataset\GlaucomaFundusImaging\G1020\Images\image_1525.jpg,3,Glaucoma,0,Normal,0.782562255859375,False,0.782562255859375,0.0002657076402101666,0.0010886476375162601,0.2160833775997162,False,Glaucoma misclassified as Normal
d:\Practice Projects\Disease Detection\dataset\Eye Disease detection\glaucoma\1469_left.jpg,3,Glaucoma,0,Normal,0.7201399803161621,False,0.7201399803161621,0.00020305649377405643,0.0008537714020349085,0.2788032293319702,False,Glaucoma misclassified as Normal
d:\Practice Projects\Disease Detection\dataset\Eye Disease detection\glaucoma\_367_403099.jpg,3,Glaucoma,3,Glaucoma,0.9627626538276672,True,0.008532715030014515,0.028635844588279724,6.878400745335966e-05,0.9627626538276672,True,Correct Glaucoma
d:\Practice Projects\Disease Detection\dataset\GlaucomaFundusImaging\G1020\Images\image_360.jpg,3,Glaucoma,0,Normal,0.6460069417953491,False,0.6460069417953491,0.0003547772648744285,0.0016365202609449625,0.35200172662734985,False,Glaucoma misclassified as Normal
d:\Practice Projects\Disease Detection\dataset\Eye Disease detection\glaucoma\Glaucoma_032.png,3,Glaucoma,3,Glaucoma,0.895940899848938,True,0.030504778027534485,0.06353912502527237,0.010015103034675121,0.895940899848938,True,Correct Glaucoma
d:\Practice Projects\Disease Detection\dataset\Eye Disease detection\glaucoma\_155_1218981.jpg,3,Glaucoma,1,Cataract,0.9203464388847351,False,0.01263334695249796,0.9203464388847351,0.012432795017957687,0.05458751320838928,False,Glaucoma misclassified as Cataract
d:\Practice Projects\Disease Detection\dataset\Eye Disease detection\glaucoma\Glaucoma_088.png,3,Glaucoma,3,Glaucoma,0.9794838428497314,True,0.01714126393198967,0.0011381953954696655,0.0022366989869624376,0.9794838428497314,True,Correct Glaucoma
d:\Practice Projects\Disease Detection\dataset\Eye Disease detection\glaucoma\_39_2936171.jpg,3,Glaucoma,3,Glaucoma,0.9539217948913574,True,0.02761785313487053,0.007563570514321327,0.010896685533225536,0.9539217948913574,True,Correct Glaucoma
d:\Practice Projects\Disease Detection\dataset\Eye Disease detection\glaucoma\1327_right.jpg,3,Glaucoma,0,Normal,0.6221328973770142,False,0.6221328973770142,0.0027948839124292135,0.21156111359596252,0.16351112723350525,False,Glaucoma misclassified as Normal
d:\Practice Projects\Disease Detection\dataset\GlaucomaFundusImaging\ORIGA\Images\402.jpg,3,Glaucoma,3,Glaucoma,0.7900012135505676,True,0.20973117649555206,0.00016860042524058372,9.903289173962548e-05,0.7900012135505676,True,Correct Glaucoma
d:\Practice Projects\Disease Detection\dataset\GlaucomaFundusImaging\G1020\Images\image_1898.jpg,3,Glaucoma,0,Normal,0.8382164835929871,False,0.8382164835929871,6.148919055704027e-05,0.001610095496289432,0.16011199355125427,False,Glaucoma misclassified as Normal
d:\Practice Projects\Disease Detection\dataset\Eye Disease detection\glaucoma\_351_6945231.jpg,3,Glaucoma,3,Glaucoma,0.9933087825775146,True,0.004488059785217047,0.002192130545154214,1.0984303116856609e-05,0.9933087825775146,True,Correct Glaucoma
d:\Practice Projects\Disease Detection\dataset\Eye Disease detection\glaucoma\_71_9012457.jpg,3,Glaucoma,3,Glaucoma,0.9291024804115295,True,0.06789348274469376,0.0029826995451003313,2.1306415874278173e-05,0.9291024804115295,True,Correct Glaucoma
d:\Practice Projects\Disease Detection\dataset\Eye Disease detection\glaucoma\_310_4668441.jpg,3,Glaucoma,3,Glaucoma,0.989349365234375,True,0.00013341249723453075,0.010441294871270657,7.593051122967154e-05,0.989349365234375,True,Correct Glaucoma
d:\Practice Projects\Disease Detection\dataset\Eye Disease detection\glaucoma\1334_left.jpg,3,Glaucoma,0,Normal,0.8141793012619019,False,0.8141793012619019,0.0004145875573158264,0.006930023431777954,0.17847609519958496,False,Glaucoma misclassified as Normal
d:\Practice Projects\Disease Detection\dataset\Eye Disease detection\glaucoma\2063_left.jpg,3,Glaucoma,3,Glaucoma,0.8329669833183289,True,0.16699737310409546,1.95478987734532e-05,1.6117399354698136e-05,0.8329669833183289,True,Correct Glaucoma
d:\Practice Projects\Disease Detection\dataset\Eye Disease detection\glaucoma\_227_2716085.jpg,3,Glaucoma,3,Glaucoma,0.8765515685081482,True,0.015166183933615685,0.0990234762430191,0.009258746169507504,0.8765515685081482,True,Correct Glaucoma
d:\Practice Projects\Disease Detection\dataset\Eye Disease detection\glaucoma\_59_1911492.jpg,3,Glaucoma,3,Glaucoma,0.8599861264228821,True,0.1397211253643036,0.0001028304104693234,0.0001899335184134543,0.8599861264228821,True,Correct Glaucoma
d:\Practice Projects\Disease Detection\dataset\Eye Disease detection\glaucoma\_185_1242583.jpg,3,Glaucoma,1,Cataract,0.48321467638015747,False,0.1916986107826233,0.48321467638015747,0.029918547719717026,0.2951681911945343,False,Glaucoma misclassified as Cataract
d:\Practice Projects\Disease Detection\dataset\Eye Disease detection\glaucoma\Glaucoma_019.png,3,Glaucoma,3,Glaucoma,0.9371587038040161,True,0.0551486499607563,0.003179684979841113,0.004512897692620754,0.9371587038040161,True,Correct Glaucoma
d:\Practice Projects\Disease Detection\dataset\Eye Disease detection\glaucoma\_358_8144492.jpg,3,Glaucoma,3,Glaucoma,0.99178546667099,True,0.0044463337399065495,0.0037588325794786215,9.251983101421501e-06,0.99178546667099,True,Correct Glaucoma
d:\Practice Projects\Disease Detection\dataset\GlaucomaFundusImaging\G1020\Images\image_1526.jpg,3,Glaucoma,0,Normal,0.9276992082595825,False,0.9276992082595825,0.00040275242645293474,0.034657418727874756,0.03724059462547302,False,Glaucoma misclassified as Normal
d:\Practice Projects\Disease Detection\dataset\Eye Disease detection\glaucoma\2020_left.jpg,3,Glaucoma,0,Normal,0.4798896312713623,False,0.4798896312713623,0.0045520104467868805,0.219601571559906,0.2959568202495575,False,Glaucoma misclassified as Normal
d:\Practice Projects\Disease Detection\dataset\Eye Disease detection\glaucoma\1279_left.jpg,3,Glaucoma,3,Glaucoma,0.741610050201416,True,0.24614766240119934,0.004477595444768667,0.007764653768390417,0.741610050201416,True,Correct Glaucoma
d:\Practice Projects\Disease Detection\dataset\Eye Disease detection\glaucoma\_249_6890690.jpg,3,Glaucoma,3,Glaucoma,0.44656655192375183,True,0.024659281596541405,0.13657604157924652,0.3921981453895569,0.44656655192375183,True,Correct Glaucoma
d:\Practice Projects\Disease Detection\dataset\Eye Disease detection\glaucoma\1334_right.jpg,3,Glaucoma,0,Normal,0.9631088972091675,False,0.9631088972091675,5.414630868472159e-05,0.0021130982786417007,0.03472389280796051,False,Glaucoma misclassified as Normal
d:\Practice Projects\Disease Detection\dataset\Eye Disease detection\glaucoma\1330_right.jpg,3,Glaucoma,0,Normal,0.6135760545730591,False,0.6135760545730591,0.0004443122015800327,0.014253790490329266,0.3717258870601654,False,Glaucoma misclassified as Normal
d:\Practice Projects\Disease Detection\dataset\GlaucomaFundusImaging\G1020\Images\image_114.jpg,3,Glaucoma,0,Normal,0.6620867252349854,False,0.6620867252349854,0.0003637712216004729,0.00120432092808187,0.3363451063632965,False,Glaucoma misclassified as Normal
d:\Practice Projects\Disease Detection\dataset\Eye Disease detection\glaucoma\238_right.jpg,3,Glaucoma,3,Glaucoma,0.541312575340271,True,0.39354389905929565,0.004810762591660023,0.06033281609416008,0.541312575340271,True,Correct Glaucoma
d:\Practice Projects\Disease Detection\dataset\Eye Disease detection\glaucoma\2048_right.jpg,3,Glaucoma,3,Glaucoma,0.6668302416801453,True,0.2172437310218811,0.08634445071220398,0.02958156354725361,0.6668302416801453,True,Correct Glaucoma
d:\Practice Projects\Disease Detection\dataset\Eye Disease detection\glaucoma\Glaucoma_080.png,3,Glaucoma,3,Glaucoma,0.9935134053230286,True,0.005823864601552486,0.00046976370504125953,0.00019304313173051924,0.9935134053230286,True,Correct Glaucoma
d:\Practice Projects\Disease Detection\dataset\GlaucomaFundusImaging\ORIGA\Images\532.jpg,3,Glaucoma,3,Glaucoma,0.3832332491874695,True,0.29650652408599854,0.32003071904182434,0.00022952212020754814,0.3832332491874695,True,Correct Glaucoma
d:\Practice Projects\Disease Detection\dataset\GlaucomaFundusImaging\G1020\Images\image_1004.jpg,3,Glaucoma,0,Normal,0.6801998615264893,False,0.6801998615264893,0.00017692981055006385,0.00021123648912180215,0.319411963224411,False,Glaucoma misclassified as Normal
d:\Practice Projects\Disease Detection\dataset\Eye Disease detection\glaucoma\Glaucoma_082.png,3,Glaucoma,3,Glaucoma,0.9938641786575317,True,0.005776992067694664,8.138571138260886e-05,0.000277417479082942,0.9938641786575317,True,Correct Glaucoma
d:\Practice Projects\Disease Detection\dataset\GlaucomaFundusImaging\G1020\Images\image_2605.jpg,3,Glaucoma,0,Normal,0.8487435579299927,False,0.8487435579299927,0.010888305492699146,0.0005543261067941785,0.13981379568576813,False,Glaucoma misclassified as Normal
d:\Practice Projects\Disease Detection\dataset\Eye Disease detection\glaucoma\Glaucoma_036.png,3,Glaucoma,3,Glaucoma,0.9786046743392944,True,0.00932168960571289,0.010885673575103283,0.0011880224337801337,0.9786046743392944,True,Correct Glaucoma
d:\Practice Projects\Disease Detection\dataset\Eye Disease detection\glaucoma\_180_6449017.jpg,3,Glaucoma,3,Glaucoma,0.994621753692627,True,0.003431938821449876,0.001915220869705081,3.112274134764448e-05,0.994621753692627,True,Correct Glaucoma
d:\Practice Projects\Disease Detection\dataset\Eye Disease detection\glaucoma\_129_2098170.jpg,3,Glaucoma,3,Glaucoma,0.6974308490753174,True,0.08024782687425613,0.22078633308410645,0.001534957904368639,0.6974308490753174,True,Correct Glaucoma
d:\Practice Projects\Disease Detection\dataset\Eye Disease detection\glaucoma\_69_5362173.jpg,3,Glaucoma,3,Glaucoma,0.9249616861343384,True,0.0640716552734375,0.01096305251121521,3.670990736281965e-06,0.9249616861343384,True,Correct Glaucoma
d:\Practice Projects\Disease Detection\dataset\Eye Disease detection\glaucoma\_8_5210275.jpg,3,Glaucoma,3,Glaucoma,0.8762580156326294,True,0.027232587337493896,0.09587808698415756,0.0006313165067695081,0.8762580156326294,True,Correct Glaucoma
d:\Practice Projects\Disease Detection\dataset\Eye Disease detection\glaucoma\_35_369215.jpg,3,Glaucoma,3,Glaucoma,0.9554920792579651,True,0.03659720718860626,0.0007423895876854658,0.0071682408452034,0.9554920792579651,True,Correct Glaucoma
d:\Practice Projects\Disease Detection\dataset\GlaucomaFundusImaging\ORIGA\Images\317.jpg,3,Glaucoma,0,Normal,0.575300395488739,False,0.575300395488739,0.0005153485690243542,0.0003006910555996001,0.4238836169242859,False,Glaucoma misclassified as Normal
d:\Practice Projects\Disease Detection\dataset\Eye Disease detection\glaucoma\1248_right.jpg,3,Glaucoma,0,Normal,0.5121328234672546,False,0.5121328234672546,0.00032658010604791343,0.03060433268547058,0.456936240196228,False,Glaucoma misclassified as Normal
d:\Practice Projects\Disease Detection\dataset\Eye Disease detection\glaucoma\_41_7018471.jpg,3,Glaucoma,3,Glaucoma,0.8900517821311951,True,0.10468079894781113,6.649746501352638e-05,0.005200952757149935,0.8900517821311951,True,Correct Glaucoma
d:\Practice Projects\Disease Detection\dataset\GlaucomaFundusImaging\G1020\Images\image_2050.jpg,3,Glaucoma,0,Normal,0.8308085799217224,False,0.8308085799217224,0.0030871208291500807,0.05084329843521118,0.1152610033750534,False,Glaucoma misclassified as Normal
d:\Practice Projects\Disease Detection\dataset\Eye Disease detection\glaucoma\1497_left.jpg,3,Glaucoma,0,Normal,0.5678769946098328,False,0.5678769946098328,2.1747264327132143e-06,0.00032212663791142404,0.4317987263202667,False,Glaucoma misclassified as Normal
d:\Practice Projects\Disease Detection\dataset\Eye Disease detection\glaucoma\_13_697490.jpg,3,Glaucoma,3,Glaucoma,0.5514711737632751,True,0.01859893649816513,0.4269241988658905,0.0030056254472583532,0.5514711737632751,True,Correct Glaucoma
d:\Practice Projects\Disease Detection\dataset\GlaucomaFundusImaging\G1020\Images\image_1799.jpg,3,Glaucoma,0,Normal,0.5270562171936035,False,0.5270562171936035,0.0007668191101402044,0.46026161313056946,0.011915362440049648,False,Glaucoma misclassified as Normal
d:\Practice Projects\Disease Detection\dataset\Eye Disease detection\glaucoma\_177_7654905.jpg,3,Glaucoma,3,Glaucoma,0.9731301665306091,True,0.0036443097051233053,0.02305971086025238,0.00016575679183006287,0.9731301665306091,True,Correct Glaucoma
d:\Practice Projects\Disease Detection\dataset\Eye Disease detection\glaucoma\_61_1340813.jpg,3,Glaucoma,3,Glaucoma,0.7373824119567871,True,0.010877448134124279,0.2489774525165558,0.002762654796242714,0.7373824119567871,True,Correct Glaucoma
d:\Practice Projects\Disease Detection\dataset\GlaucomaFundusImaging\G1020\Images\image_3023.jpg,3,Glaucoma,0,Normal,0.9663159251213074,False,0.9663159251213074,5.700779729522765e-05,0.00030673568835482,0.03332033380866051,False,Glaucoma misclassified as Normal
d:\Practice Projects\Disease Detection\dataset\Eye Disease detection\glaucoma\_10_2555943.jpg,3,Glaucoma,3,Glaucoma,0.7628293037414551,True,0.03312710300087929,0.20335079729557037,0.0006928758812136948,0.7628293037414551,True,Correct Glaucoma
d:\Practice Projects\Disease Detection\dataset\Eye Disease detection\glaucoma\_67_4921455.jpg,3,Glaucoma,3,Glaucoma,0.9851593375205994,True,0.012787160463631153,2.5868341253953986e-05,0.002027706941589713,0.9851593375205994,True,Correct Glaucoma
d:\Practice Projects\Disease Detection\dataset\Eye Disease detection\glaucoma\Glaucoma_015.png,3,Glaucoma,3,Glaucoma,0.9616673588752747,True,0.02824043482542038,0.010036680847406387,5.5467015044996515e-05,0.9616673588752747,True,Correct Glaucoma
d:\Practice Projects\Disease Detection\dataset\GlaucomaFundusImaging\G1020\Images\image_659.jpg,3,Glaucoma,0,Normal,0.8824495673179626,False,0.8824495673179626,0.002025838475674391,0.0024080302100628614,0.11311652511358261,False,Glaucoma misclassified as Normal
d:\Practice Projects\Disease Detection\dataset\Eye Disease detection\glaucoma\1297_left.jpg,3,Glaucoma,0,Normal,0.7306070327758789,False,0.7306070327758789,0.003914288245141506,0.06325749307870865,0.20222121477127075,False,Glaucoma misclassified as Normal
d:\Practice Projects\Disease Detection\dataset\Eye Disease detection\glaucoma\_64_3530889.jpg,3,Glaucoma,3,Glaucoma,0.9604455232620239,True,0.0021278082858771086,0.02343936823308468,0.013987305574119091,0.9604455232620239,True,Correct Glaucoma
d:\Practice Projects\Disease Detection\dataset\Eye Disease detection\glaucoma\_57_1814825.jpg,3,Glaucoma,1,Cataract,0.968841552734375,False,0.002964164363220334,0.968841552734375,0.014043357223272324,0.014150855131447315,False,Glaucoma misclassified as Cataract
d:\Practice Projects\Disease Detection\dataset\GlaucomaFundusImaging\G1020\Images\image_1081.jpg,3,Glaucoma,0,Normal,0.5750872492790222,False,0.5750872492790222,0.0004297084524296224,0.001013321103528142,0.42346975207328796,False,Glaucoma misclassified as Normal
d:\Practice Projects\Disease Detection\dataset\GlaucomaFundusImaging\ORIGA\Images\362.jpg,3,Glaucoma,0,Normal,0.9001292586326599,False,0.9001292586326599,0.00015093330875970423,0.00028575400938279927,0.0994340032339096,False,Glaucoma misclassified as Normal
d:\Practice Projects\Disease Detection\dataset\GlaucomaFundusImaging\G1020\Images\image_2784.jpg,3,Glaucoma,0,Normal,0.8638564944267273,False,0.8638564944267273,0.0017545497976243496,0.001980133354663849,0.13240882754325867,False,Glaucoma misclassified as Normal
d:\Practice Projects\Disease Detection\dataset\GlaucomaFundusImaging\G1020\Images\image_3168.jpg,3,Glaucoma,0,Normal,0.7118731141090393,False,0.7118731141090393,5.7304026995552704e-05,0.0006098212325014174,0.28745976090431213,False,Glaucoma misclassified as Normal
d:\Practice Projects\Disease Detection\dataset\Eye Disease detection\glaucoma\_186_3309365.jpg,3,Glaucoma,3,Glaucoma,0.8330045938491821,True,0.15090468525886536,0.013729064725339413,0.0023616543039679527,0.8330045938491821,True,Correct Glaucoma
d:\Practice Projects\Disease Detection\dataset\GlaucomaFundusImaging\G1020\Images\image_3024.jpg,3,Glaucoma,0,Normal,0.8284143209457397,False,0.8284143209457397,0.003318709321320057,0.005850940942764282,0.1624159812927246,False,Glaucoma misclassified as Normal
d:\Practice Projects\Disease Detection\dataset\Eye Disease detection\glaucoma\_267_8024092.jpg,3,Glaucoma,3,Glaucoma,0.9933047890663147,True,0.0065822540782392025,9.093682456295937e-05,2.1979865778121166e-05,0.9933047890663147,True,Correct Glaucoma
d:\Practice Projects\Disease Detection\dataset\Eye Disease detection\glaucoma\_272_9782017.jpg,3,Glaucoma,3,Glaucoma,0.9734528064727783,True,0.02515438385307789,0.0013476768508553505,4.517255365499295e-05,0.9734528064727783,True,Correct Glaucoma
d:\Practice Projects\Disease Detection\dataset\Eye Disease detection\glaucoma\1496_right.jpg,3,Glaucoma,0,Normal,0.7291128039360046,False,0.7291128039360046,9.215753379976377e-06,0.030070362612605095,0.24080771207809448,False,Glaucoma misclassified as Normal
d:\Practice Projects\Disease Detection\dataset\Eye Disease detection\glaucoma\_292_3819069.jpg,3,Glaucoma,3,Glaucoma,0.974746823310852,True,0.02080901712179184,0.001858811592683196,0.002585318638011813,0.974746823310852,True,Correct Glaucoma
d:\Practice Projects\Disease Detection\dataset\Eye Disease detection\glaucoma\_45_7744209.jpg,3,Glaucoma,3,Glaucoma,0.9770533442497253,True,0.0045083812437951565,0.009812661446630955,0.008625581860542297,0.9770533442497253,True,Correct Glaucoma
d:\Practice Projects\Disease Detection\dataset\GlaucomaFundusImaging\G1020\Images\image_20.jpg,3,Glaucoma,0,Normal,0.8645950555801392,False,0.8645950555801392,0.0017657976131886244,0.00036021077539771795,0.13327890634536743,False,Glaucoma misclassified as Normal
d:\Practice Projects\Disease Detection\dataset\Eye Disease detection\glaucoma\_318_9413163.jpg,3,Glaucoma,3,Glaucoma,0.955912709236145,True,0.020895401015877724,0.023178981617093086,1.2927965144626796e-05,0.955912709236145,True,Correct Glaucoma
d:\Practice Projects\Disease Detection\dataset\Eye Disease detection\glaucoma\_374_8172135.jpg,3,Glaucoma,3,Glaucoma,0.9978213310241699,True,0.0018704502144828439,0.00029057380743324757,1.7583051885594614e-05,0.9978213310241699,True,Correct Glaucoma
d:\Practice Projects\Disease Detection\dataset\GlaucomaFundusImaging\G1020\Images\image_2201.jpg,3,Glaucoma,0,Normal,0.796997606754303,False,0.796997606754303,0.0001341930910712108,0.00027605833020061255,0.20259210467338562,False,Glaucoma misclassified as Normal
d:\Practice Projects\Disease Detection\dataset\Eye Disease detection\glaucoma\_155_4972319.jpg,3,Glaucoma,1,Cataract,0.9799063801765442,False,0.0012231804430484772,0.9799063801765442,0.010277840308845043,0.008592546917498112,False,Glaucoma misclassified as Cataract
d:\Practice Projects\Disease Detection\dataset\Eye Disease detection\glaucoma\_395_3509756.jpg,3,Glaucoma,3,Glaucoma,0.9910576343536377,True,0.008870892226696014,4.99986344948411e-05,2.1559650122071616e-05,0.9910576343536377,True,Correct Glaucoma
d:\Practice Projects\Disease Detection\dataset\Eye Disease detection\glaucoma\1261_left.jpg,3,Glaucoma,3,Glaucoma,0.8231557011604309,True,0.1767476350069046,9.535504068480805e-05,1.2659974117923412e-06,0.8231557011604309,True,Correct Glaucoma
d:\Practice Projects\Disease Detection\dataset\Eye Disease detection\glaucoma\_90_7427306.jpg,3,Glaucoma,3,Glaucoma,0.5395736694335938,True,0.172104150056839,0.27773571014404297,0.010586532764136791,0.5395736694335938,True,Correct Glaucoma
d:\Practice Projects\Disease Detection\dataset\Eye Disease detection\glaucoma\_289_8793154.jpg,3,Glaucoma,3,Glaucoma,0.9872815012931824,True,0.012701340019702911,1.0934772035398055e-05,6.236067747522611e-06,0.9872815012931824,True,Correct Glaucoma
d:\Practice Projects\Disease Detection\dataset\Eye Disease detection\glaucoma\_3_6499308.jpg,3,Glaucoma,3,Glaucoma,0.9960362315177917,True,0.002936139004305005,0.0009670135332271457,6.061277963453904e-05,0.9960362315177917,True,Correct Glaucoma
d:\Practice Projects\Disease Detection\dataset\Eye Disease detection\glaucoma\_25_9900235.jpg,3,Glaucoma,3,Glaucoma,0.9777575135231018,True,0.003738529747352004,0.015341402031481266,0.0031624522525817156,0.9777575135231018,True,Correct Glaucoma
d:\Practice Projects\Disease Detection\dataset\Eye Disease detection\glaucoma\Glaucoma_001.png,3,Glaucoma,3,Glaucoma,0.877717137336731,True,0.11209827661514282,0.0019541007932275534,0.008230493403971195,0.877717137336731,True,Correct Glaucoma
d:\Practice Projects\Disease Detection\dataset\GlaucomaFundusImaging\G1020\Images\image_2534.jpg,3,Glaucoma,3,Glaucoma,0.555138349533081,True,0.42835018038749695,0.0003559958713594824,0.01615551859140396,0.555138349533081,True,Correct Glaucoma
d:\Practice Projects\Disease Detection\dataset\Eye Disease detection\glaucoma\_23_8081299.jpg,3,Glaucoma,3,Glaucoma,0.8858738541603088,True,0.11411689966917038,5.079357379145222e-06,4.1910429899871815e-06,0.8858738541603088,True,Correct Glaucoma
d:\Practice Projects\Disease Detection\dataset\GlaucomaFundusImaging\G1020\Images\image_2861.jpg,3,Glaucoma,0,Normal,0.9046536087989807,False,0.9046536087989807,0.000724135257769376,0.003675327403470874,0.09094694256782532,False,Glaucoma misclassified as Normal
d:\Practice Projects\Disease Detection\dataset\Eye Disease detection\glaucoma\1985_left.jpg,3,Glaucoma,0,Normal,0.6957934498786926,False,0.6957934498786926,0.0005887894076295197,0.017036166042089462,0.2865816056728363,False,Glaucoma misclassified as Normal
d:\Practice Projects\Disease Detection\dataset\GlaucomaFundusImaging\ORIGA\Images\072.jpg,3,Glaucoma,0,Normal,0.7960166931152344,False,0.7960166931152344,0.0005413010949268937,0.0007767250062897801,0.2026652693748474,False,Glaucoma misclassified as Normal
d:\Practice Projects\Disease Detection\dataset\Eye Disease detection\glaucoma\_130_3806382.jpg,3,Glaucoma,3,Glaucoma,0.9575796127319336,True,0.04199307784438133,0.0003077550500165671,0.00011956658272538334,0.9575796127319336,True,Correct Glaucoma
d:\Practice Projects\Disease Detection\dataset\Eye Disease detection\glaucoma\1222_right.jpg,3,Glaucoma,0,Normal,0.6126660108566284,False,0.6126660108566284,0.00010341603774577379,0.18519361317157745,0.20203693211078644,False,Glaucoma misclassified as Normal
d:\Practice Projects\Disease Detection\dataset\GlaucomaFundusImaging\G1020\Images\image_1080.jpg,3,Glaucoma,0,Normal,0.49922361969947815,False,0.49922361969947815,0.0006212046719156206,0.48953381180763245,0.010621445253491402,False,Glaucoma misclassified as Normal
d:\Practice Projects\Disease Detection\dataset\Eye Disease detection\glaucoma\1301_left.jpg,3,Glaucoma,2,Diabetic Retinopathy,0.7664146423339844,False,0.1928749829530716,0.002534041181206703,0.7664146423339844,0.03817637637257576,False,Glaucoma misclassified as Diabetic Retinopathy
d:\Practice Projects\Disease Detection\dataset\Eye Disease detection\glaucoma\_234_5883794.jpg,3,Glaucoma,3,Glaucoma,0.9111865162849426,True,0.03533836826682091,0.053473763167858124,1.3533925766751054e-06,0.9111865162849426,True,Correct Glaucoma
d:\Practice Projects\Disease Detection\dataset\GlaucomaFundusImaging\G1020\Images\image_1579.jpg,3,Glaucoma,0,Normal,0.9182233214378357,False,0.9182233214378357,0.00111782131716609,0.020313814282417297,0.06034505367279053,False,Glaucoma misclassified as Normal
d:\Practice Projects\Disease Detection\dataset\Eye Disease detection\glaucoma\1377_right.jpg,3,Glaucoma,3,Glaucoma,0.5304428339004517,True,0.35113173723220825,0.08967168629169464,0.02875370904803276,0.5304428339004517,True,Correct Glaucoma
d:\Practice Projects\Disease Detection\dataset\Eye Disease detection\glaucoma\1287_left.jpg,3,Glaucoma,0,Normal,0.8798931837081909,False,0.8798931837081909,0.0014785442035645247,0.020239898934960365,0.09838835895061493,False,Glaucoma misclassified as Normal
d:\Practice Projects\Disease Detection\dataset\Eye Disease detection\glaucoma\_399_7128170.jpg,3,Glaucoma,1,Cataract,0.9534226059913635,False,7.147692667786032e-05,0.9534226059913635,2.7819453407573747e-06,0.04650314524769783,False,Glaucoma misclassified as Cataract
d:\Practice Projects\Disease Detection\dataset\Eye Disease detection\glaucoma\1232_right.jpg,3,Glaucoma,3,Glaucoma,0.7251318693161011,True,0.1501530259847641,0.005019139498472214,0.11969608068466187,0.7251318693161011,True,Correct Glaucoma
d:\Practice Projects\Disease Detection\dataset\Eye Disease detection\glaucoma\_106_1940079.jpg,3,Glaucoma,3,Glaucoma,0.8625150322914124,True,0.13003981113433838,0.0018697504419833422,0.005575425457209349,0.8625150322914124,True,Correct Glaucoma
d:\Practice Projects\Disease Detection\dataset\Eye Disease detection\glaucoma\1436_left.jpg,3,Glaucoma,0,Normal,0.9455446004867554,False,0.9455446004867554,0.00017263837798964232,0.008233480155467987,0.0460493341088295,False,Glaucoma misclassified as Normal
d:\Practice Projects\Disease Detection\dataset\Eye Disease detection\glaucoma\1351_right.jpg,3,Glaucoma,0,Normal,0.8336665034294128,False,0.8336665034294128,0.00030206923838704824,0.04622577503323555,0.119805708527565,False,Glaucoma misclassified as Normal
d:\Practice Projects\Disease Detection\dataset\GlaucomaFundusImaging\G1020\Images\image_1902.jpg,3,Glaucoma,0,Normal,0.9056429862976074,False,0.9056429862976074,0.00018756445206236094,0.06154249981045723,0.03262686729431152,False,Glaucoma misclassified as Normal
d:\Practice Projects\Disease Detection\dataset\Eye Disease detection\glaucoma\_197_9225516.jpg,3,Glaucoma,1,Cataract,0.9960436820983887,False,0.0009178254986181855,0.9960436820983887,7.239712431328371e-05,0.002966046566143632,False,Glaucoma misclassified as Cataract
d:\Practice Projects\Disease Detection\dataset\Eye Disease detection\glaucoma\_191_6264437.jpg,3,Glaucoma,3,Glaucoma,0.9887344241142273,True,0.008655991405248642,0.0009621300850994885,0.0016473986906930804,0.9887344241142273,True,Correct Glaucoma
d:\Practice Projects\Disease Detection\dataset\Eye Disease detection\glaucoma\1267_right.jpg,3,Glaucoma,0,Normal,0.770535409450531,False,0.770535409450531,0.04874471202492714,0.00032955416827462614,0.18039026856422424,False,Glaucoma misclassified as Normal
d:\Practice Projects\Disease Detection\dataset\GlaucomaFundusImaging\ORIGA\Images\336.jpg,3,Glaucoma,3,Glaucoma,0.6832407116889954,True,0.3161892890930176,0.00020223585306666791,0.00036774342879652977,0.6832407116889954,True,Correct Glaucoma
d:\Practice Projects\Disease Detection\dataset\Eye Disease detection\glaucoma\_229_5944044.jpg,3,Glaucoma,3,Glaucoma,0.808792233467102,True,0.18950000405311584,0.000367781292879954,0.0013399326708167791,0.808792233467102,True,Correct Glaucoma
d:\Practice Projects\Disease Detection\dataset\GlaucomaFundusImaging\G1020\Images\image_2532.jpg,3,Glaucoma,0,Normal,0.9034268260002136,False,0.9034268260002136,0.0027089419309049845,0.005057659465819597,0.08880660682916641,False,Glaucoma misclassified as Normal
d:\Practice Projects\Disease Detection\dataset\GlaucomaFundusImaging\ORIGA\Images\246.jpg,3,Glaucoma,0,Normal,0.9688205122947693,False,0.9688205122947693,7.062703662086278e-05,0.00017023624968715012,0.030938610434532166,False,Glaucoma misclassified as Normal
d:\Practice Projects\Disease Detection\dataset\Eye Disease detection\glaucoma\_358_2954052.jpg,3,Glaucoma,3,Glaucoma,0.9902868270874023,True,0.002304717432707548,0.0074029238894581795,5.588563453784445e-06,0.9902868270874023,True,Correct Glaucoma
d:\Practice Projects\Disease Detection\dataset\GlaucomaFundusImaging\G1020\Images\image_2230.jpg,3,Glaucoma,0,Normal,0.9345828294754028,False,0.9345828294754028,0.0043950132094323635,0.000550572294741869,0.0604715421795845,False,Glaucoma misclassified as Normal
d:\Practice Projects\Disease Detection\dataset\GlaucomaFundusImaging\ORIGA\Images\650.jpg,3,Glaucoma,0,Normal,0.9573304653167725,False,0.9573304653167725,2.2206790163181722e-05,5.974234954919666e-05,0.04258766770362854,False,Glaucoma misclassified as Normal
d:\Practice Projects\Disease Detection\dataset\Eye Disease detection\glaucoma\_116_1943666.jpg,3,Glaucoma,0,Normal,0.8264517188072205,False,0.8264517188072205,0.00026487366994842887,0.06935598701238632,0.10392742604017258,False,Glaucoma misclassified as Normal
d:\Practice Projects\Disease Detection\dataset\Eye Disease detection\glaucoma\_19_7932720.jpg,3,Glaucoma,3,Glaucoma,0.7882277369499207,True,0.2102425992488861,0.0005453783669508994,0.0009842830477282405,0.7882277369499207,True,Correct Glaucoma
d:\Practice Projects\Disease Detection\dataset\Eye Disease detection\glaucoma\_225_247208.jpg,3,Glaucoma,3,Glaucoma,0.9548084139823914,True,0.040392812341451645,0.004798158071935177,6.226087521099544e-07,0.9548084139823914,True,Correct Glaucoma
d:\Practice Projects\Disease Detection\dataset\Eye Disease detection\glaucoma\_375_1575212.jpg,3,Glaucoma,3,Glaucoma,0.9953603148460388,True,0.00452183885499835,0.0001167110531241633,1.0875230600504437e-06,0.9953603148460388,True,Correct Glaucoma
d:\Practice Projects\Disease Detection\dataset\GlaucomaFundusImaging\G1020\Images\image_1875.jpg,3,Glaucoma,0,Normal,0.9048742651939392,False,0.9048742651939392,0.0009845165768638253,0.02824951708316803,0.06589172035455704,False,Glaucoma misclassified as Normal
d:\Practice Projects\Disease Detection\dataset\GlaucomaFundusImaging\G1020\Images\image_3064.jpg,3,Glaucoma,0,Normal,0.8569871187210083,False,0.8569871187210083,0.07653281092643738,0.009082634933292866,0.05739743262529373,False,Glaucoma misclassified as Normal
d:\Practice Projects\Disease Detection\dataset\Eye Disease detection\glaucoma\_130_4811607.jpg,3,Glaucoma,3,Glaucoma,0.971137523651123,True,0.028615884482860565,0.0001625980221433565,8.401192462770268e-05,0.971137523651123,True,Correct Glaucoma
d:\Practice Projects\Disease Detection\dataset\Eye Disease detection\glaucoma\1330_left.jpg,3,Glaucoma,3,Glaucoma,0.9410378336906433,True,0.02045327238738537,2.0935687643941492e-05,0.038487907499074936,0.9410378336906433,True,Correct Glaucoma
d:\Practice Projects\Disease Detection\dataset\GlaucomaFundusImaging\G1020\Images\image_2661.jpg,3,Glaucoma,0,Normal,0.6668137907981873,False,0.6668137907981873,0.0010621142573654652,0.002190694445744157,0.32993343472480774,False,Glaucoma misclassified as Normal
d:\Practice Projects\Disease Detection\dataset\GlaucomaFundusImaging\G1020\Images\image_1935.jpg,3,Glaucoma,0,Normal,0.9300736784934998,False,0.9300736784934998,0.0006950623937882483,0.015841420739889145,0.053389862179756165,False,Glaucoma misclassified as Normal
d:\Practice Projects\Disease Detection\dataset\Eye Disease detection\glaucoma\_261_6037248.jpg,3,Glaucoma,3,Glaucoma,0.9776255488395691,True,0.019691389054059982,0.0005002981633879244,0.002182703698053956,0.9776255488395691,True,Correct Glaucoma
d:\Practice Projects\Disease Detection\dataset\Eye Disease detection\glaucoma\_253_8425650.jpg,3,Glaucoma,3,Glaucoma,0.8200493454933167,True,0.17939631640911102,0.0001723932655295357,0.0003819262783508748,0.8200493454933167,True,Correct Glaucoma
d:\Practice Projects\Disease Detection\dataset\Eye Disease detection\glaucoma\_228_775182.jpg,3,Glaucoma,3,Glaucoma,0.9957299828529358,True,0.0041652340441942215,9.285316991736181e-06,9.555697761243209e-05,0.9957299828529358,True,Correct Glaucoma
d:\Practice Projects\Disease Detection\dataset\Eye Disease detection\glaucoma\_390_5579051.jpg,3,Glaucoma,3,Glaucoma,0.994707465171814,True,0.004767156206071377,0.0003730297030415386,0.00015230673307087272,0.994707465171814,True,Correct Glaucoma
d:\Practice Projects\Disease Detection\dataset\Eye Disease detection\glaucoma\_79_7226209.jpg,3,Glaucoma,3,Glaucoma,0.9920170307159424,True,0.007281315512955189,0.00043010080116800964,0.0002715140290092677,0.9920170307159424,True,Correct Glaucoma
d:\Practice Projects\Disease Detection\dataset\Eye Disease detection\glaucoma\_183_3784240.jpg,3,Glaucoma,1,Cataract,0.8219438195228577,False,0.043750178068876266,0.8219438195228577,0.0010809974046424031,0.1332249641418457,False,Glaucoma misclassified as Cataract
d:\Practice Projects\Disease Detection\dataset\Eye Disease detection\glaucoma\1425_right.jpg,3,Glaucoma,0,Normal,0.9132606983184814,False,0.9132606983184814,0.0005855588824488223,0.00019736947433557361,0.08595640957355499,False,Glaucoma misclassified as Normal
d:\Practice Projects\Disease Detection\dataset\Eye Disease detection\glaucoma\_297_2792482.jpg,3,Glaucoma,3,Glaucoma,0.676256537437439,True,0.20576520264148712,0.01698176935315132,0.10099649429321289,0.676256537437439,True,Correct Glaucoma
d:\Practice Projects\Disease Detection\dataset\Eye Disease detection\glaucoma\_98_763638.jpg,3,Glaucoma,1,Cataract,0.9900151491165161,False,0.0024869295302778482,0.9900151491165161,0.00022093897860031575,0.007277090568095446,False,Glaucoma misclassified as Cataract
d:\Practice Projects\Disease Detection\dataset\GlaucomaFundusImaging\ORIGA\Images\337.jpg,3,Glaucoma,0,Normal,0.8524726629257202,False,0.8524726629257202,0.0014228078071027994,0.0001673995575401932,0.14593712985515594,False,Glaucoma misclassified as Normal
d:\Practice Projects\Disease Detection\dataset\Eye Disease detection\glaucoma\_104_4154423.jpg,3,Glaucoma,3,Glaucoma,0.8431075215339661,True,0.1412401795387268,6.676516932202503e-05,0.015585548244416714,0.8431075215339661,True,Correct Glaucoma
d:\Practice Projects\Disease Detection\dataset\Eye Disease detection\glaucoma\_164_5685997.jpg,3,Glaucoma,3,Glaucoma,0.989599347114563,True,0.0038082038518041372,5.141467681823997e-06,0.006587246898561716,0.989599347114563,True,Correct Glaucoma
d:\Practice Projects\Disease Detection\dataset\Eye Disease detection\glaucoma\1482_left.jpg,3,Glaucoma,3,Glaucoma,0.6440144777297974,True,0.3478594124317169,0.00012978579616174102,0.007996310479938984,0.6440144777297974,True,Correct Glaucoma
d:\Practice Projects\Disease Detection\dataset\Eye Disease detection\glaucoma\_60_3287251.jpg,3,Glaucoma,1,Cataract,0.9242991209030151,False,0.0032325463835150003,0.9242991209030151,6.232066516531631e-05,0.07240600883960724,False,Glaucoma misclassified as Cataract
d:\Practice Projects\Disease Detection\dataset\GlaucomaFundusImaging\ORIGA\Images\229.jpg,3,Glaucoma,0,Normal,0.85109943151474,False,0.85109943151474,4.050496136187576e-05,0.00020215468248352408,0.14865794777870178,False,Glaucoma misclassified as Normal
d:\Practice Projects\Disease Detection\dataset\Eye Disease detection\glaucoma\_145_9843041.jpg,3,Glaucoma,0,Normal,0.5066206455230713,False,0.5066206455230713,0.0001341850875178352,0.003863941179588437,0.4893813133239746,False,Glaucoma misclassified as Normal
d:\Practice Projects\Disease Detection\dataset\Eye Disease detection\glaucoma\_22_1469685.jpg,3,Glaucoma,3,Glaucoma,0.975226104259491,True,0.0037034156266599894,0.02099728211760521,7.324927719309926e-05,0.975226104259491,True,Correct Glaucoma
d:\Practice Projects\Disease Detection\dataset\Eye Disease detection\glaucoma\_1_4540560.jpg,3,Glaucoma,3,Glaucoma,0.992989182472229,True,0.00521915964782238,0.0017273954581469297,6.419583223760128e-05,0.992989182472229,True,Correct Glaucoma
d:\Practice Projects\Disease Detection\dataset\GlaucomaFundusImaging\ORIGA\Images\486.jpg,3,Glaucoma,0,Normal,0.6572608351707458,False,0.6572608351707458,0.01512193400412798,0.0019934172742068768,0.32562384009361267,False,Glaucoma misclassified as Normal
d:\Practice Projects\Disease Detection\dataset\Eye Disease detection\glaucoma\_260_4814230.jpg,3,Glaucoma,3,Glaucoma,0.9841977953910828,True,0.009828494861721992,0.001164053799584508,0.004809646867215633,0.9841977953910828,True,Correct Glaucoma
d:\Practice Projects\Disease Detection\dataset\Eye Disease detection\glaucoma\_247_651494.jpg,3,Glaucoma,3,Glaucoma,0.8789629340171814,True,0.00901312567293644,0.009657371789216995,0.10236652940511703,0.8789629340171814,True,Correct Glaucoma
d:\Practice Projects\Disease Detection\dataset\Eye Disease detection\glaucoma\_399_8219023.jpg,3,Glaucoma,1,Cataract,0.9549341797828674,False,7.645667938049883e-05,0.9549341797828674,6.084003871364985e-06,0.044983308762311935,False,Glaucoma misclassified as Cataract
d:\Practice Projects\Disease Detection\dataset\Eye Disease detection\glaucoma\1489_left.jpg,3,Glaucoma,3,Glaucoma,0.5252975821495056,True,0.27078747749328613,0.04366026446223259,0.16025468707084656,0.5252975821495056,True,Correct Glaucoma
d:\Practice Projects\Disease Detection\dataset\Eye Disease detection\glaucoma\_252_4705064.jpg,3,Glaucoma,3,Glaucoma,0.7555273175239563,True,0.24421411752700806,6.337393642752431e-06,0.00025227657170034945,0.7555273175239563,True,Correct Glaucoma
d:\Practice Projects\Disease Detection\dataset\Eye Disease detection\glaucoma\_63_5036155.jpg,3,Glaucoma,3,Glaucoma,0.9886950850486755,True,0.011213025078177452,8.701736078364775e-05,4.959984380548121e-06,0.9886950850486755,True,Correct Glaucoma
d:\Practice Projects\Disease Detection\dataset\Eye Disease detection\glaucoma\_350_3536071.jpg,3,Glaucoma,3,Glaucoma,0.9708670973777771,True,0.028674092143774033,0.00041983972187153995,3.8913443859200925e-05,0.9708670973777771,True,Correct Glaucoma
d:\Practice Projects\Disease Detection\dataset\Eye Disease detection\glaucoma\_151_3685359.jpg,3,Glaucoma,3,Glaucoma,0.6772860884666443,True,0.30815389752388,0.0017942957347258925,0.012765769846737385,0.6772860884666443,True,Correct Glaucoma
d:\Practice Projects\Disease Detection\dataset\Eye Disease detection\glaucoma\_317_2537690.jpg,3,Glaucoma,3,Glaucoma,0.9686746597290039,True,0.02820940874516964,0.0029986840672791004,0.00011733175779227167,0.9686746597290039,True,Correct Glaucoma
d:\Practice Projects\Disease Detection\dataset\Eye Disease detection\glaucoma\_58_180622.jpg,3,Glaucoma,3,Glaucoma,0.7611249089241028,True,0.23803463578224182,0.0007563654216937721,8.412896568188444e-05,0.7611249089241028,True,Correct Glaucoma
d:\Practice Projects\Disease Detection\dataset\Eye Disease detection\glaucoma\_380_4081438.jpg,3,Glaucoma,3,Glaucoma,0.9975233674049377,True,0.0005317470640875399,0.0019443213241174817,5.213914846535772e-07,0.9975233674049377,True,Correct Glaucoma
d:\Practice Projects\Disease Detection\dataset\Eye Disease detection\glaucoma\_254_8727190.jpg,3,Glaucoma,3,Glaucoma,0.83600252866745,True,0.15641748905181885,6.78373544360511e-06,0.007573193404823542,0.83600252866745,True,Correct Glaucoma
d:\Practice Projects\Disease Detection\dataset\Eye Disease detection\glaucoma\_72_3474284.jpg,3,Glaucoma,3,Glaucoma,0.7363581657409668,True,0.24995169043540955,0.013688311912119389,1.735976297823072e-06,0.7363581657409668,True,Correct Glaucoma
d:\Practice Projects\Disease Detection\dataset\Eye Disease detection\glaucoma\Glaucoma_008.png,3,Glaucoma,3,Glaucoma,0.6812582612037659,True,0.00679633067920804,0.3111247718334198,0.0008206264465115964,0.6812582612037659,True,Correct Glaucoma
d:\Practice Projects\Disease Detection\dataset\Eye Disease detection\glaucoma\_47_6549840.jpg,3,Glaucoma,3,Glaucoma,0.9761564135551453,True,0.021872561424970627,0.001577470451593399,0.00039358646608889103,0.9761564135551453,True,Correct Glaucoma
d:\Practice Projects\Disease Detection\dataset\GlaucomaFundusImaging\G1020\Images\image_1498.jpg,3,Glaucoma,0,Normal,0.881583034992218,False,0.881583034992218,0.0005773416487500072,0.012919480912387371,0.10492013394832611,False,Glaucoma misclassified as Normal
d:\Practice Projects\Disease Detection\dataset\Eye Disease detection\glaucoma\1492_right.jpg,3,Glaucoma,3,Glaucoma,0.9151807427406311,True,0.0035653572995215654,0.0038707973435521126,0.07738305628299713,0.9151807427406311,True,Correct Glaucoma
d:\Practice Projects\Disease Detection\dataset\Eye Disease detection\glaucoma\_391_1332495.jpg,3,Glaucoma,3,Glaucoma,0.9966058731079102,True,0.0033094827085733414,5.554468589252792e-05,2.909879549406469e-05,0.9966058731079102,True,Correct Glaucoma
d:\Practice Projects\Disease Detection\dataset\Eye Disease detection\glaucoma\1494_left.jpg,3,Glaucoma,2,Diabetic Retinopathy,0.9703930020332336,False,0.01037523988634348,0.0011949180625379086,0.9703930020332336,0.0180368535220623,False,Glaucoma misclassified as Diabetic Retinopathy
d:\Practice Projects\Disease Detection\dataset\GlaucomaFundusImaging\G1020\Images\image_2562.jpg,3,Glaucoma,0,Normal,0.8868395090103149,False,0.8868395090103149,0.0005430019809864461,0.07425777614116669,0.03835969790816307,False,Glaucoma misclassified as Normal
d:\Practice Projects\Disease Detection\dataset\Eye Disease detection\glaucoma\_12_5295071.jpg,3,Glaucoma,3,Glaucoma,0.9044391512870789,True,0.029321396723389626,0.0654795840382576,0.0007599180680699646,0.9044391512870789,True,Correct Glaucoma
d:\Practice Projects\Disease Detection\dataset\GlaucomaFundusImaging\G1020\Images\image_386.jpg,3,Glaucoma,0,Normal,0.7489020824432373,False,0.7489020824432373,0.0006237639463506639,0.0014469694579020143,0.24902717769145966,False,Glaucoma misclassified as Normal
d:\Practice Projects\Disease Detection\dataset\GlaucomaFundusImaging\G1020\Images\image_1714.jpg,3,Glaucoma,0,Normal,0.9480727314949036,False,0.9480727314949036,0.0009089635568670928,0.0002502707648091018,0.05076812580227852,False,Glaucoma misclassified as Normal
d:\Practice Projects\Disease Detection\dataset\Eye Disease detection\glaucoma\Glaucoma_084.png,3,Glaucoma,3,Glaucoma,0.8062353730201721,True,0.060775287449359894,0.005318606272339821,0.1276707798242569,0.8062353730201721,True,Correct Glaucoma
d:\Practice Projects\Disease Detection\dataset\Eye Disease detection\glaucoma\1273_right.jpg,3,Glaucoma,3,Glaucoma,0.8083034753799438,True,0.1799895465373993,0.0017361016944050789,0.009970967657864094,0.8083034753799438,True,Correct Glaucoma
d:\Practice Projects\Disease Detection\dataset\Eye Disease detection\glaucoma\_338_7660594.jpg,3,Glaucoma,3,Glaucoma,0.8862385749816895,True,0.001529810717329383,0.11223038285970688,1.2866772749475786e-06,0.8862385749816895,True,Correct Glaucoma
d:\Practice Projects\Disease Detection\dataset\Eye Disease detection\glaucoma\1436_right.jpg,3,Glaucoma,0,Normal,0.9728378653526306,False,0.9728378653526306,7.509454007958993e-05,0.00015981699107214808,0.02692723274230957,False,Glaucoma misclassified as Normal
d:\Practice Projects\Disease Detection\dataset\Eye Disease detection\glaucoma\_59_9153525.jpg,3,Glaucoma,3,Glaucoma,0.9746947288513184,True,0.02514423057436943,0.00011367222759872675,4.739177893497981e-05,0.9746947288513184,True,Correct Glaucoma
d:\Practice Projects\Disease Detection\dataset\Eye Disease detection\glaucoma\_364_7596223.jpg,3,Glaucoma,3,Glaucoma,0.9821735620498657,True,0.0006294674822129309,0.017195245251059532,1.7733527784002945e-06,0.9821735620498657,True,Correct Glaucoma
d:\Practice Projects\Disease Detection\dataset\Eye Disease detection\glaucoma\1281_left.jpg,3,Glaucoma,0,Normal,0.5155866146087646,False,0.5155866146087646,0.01084727980196476,0.03944003954529762,0.4341261088848114,False,Glaucoma misclassified as Normal
d:\Practice Projects\Disease Detection\dataset\GlaucomaFundusImaging\ORIGA\Images\353.jpg,3,Glaucoma,0,Normal,0.8253710865974426,False,0.8253710865974426,0.001078283879905939,0.00011602247832342982,0.17343460023403168,False,Glaucoma misclassified as Normal
d:\Practice Projects\Disease Detection\dataset\Eye Disease detection\glaucoma\_388_7162342.jpg,3,Glaucoma,3,Glaucoma,0.9930780529975891,True,0.0026313511189073324,0.004137059208005667,0.00015355239156633615,0.9930780529975891,True,Correct Glaucoma
d:\Practice Projects\Disease Detection\dataset\Eye Disease detection\glaucoma\_148_3847249.jpg,3,Glaucoma,3,Glaucoma,0.7191389203071594,True,0.23731210827827454,0.04226843640208244,0.001280534896068275,0.7191389203071594,True,Correct Glaucoma
d:\Practice Projects\Disease Detection\dataset\GlaucomaFundusImaging\ORIGA\Images\458.jpg,3,Glaucoma,0,Normal,0.5121565461158752,False,0.5121565461158752,6.656996447418351e-06,0.0002323372900718823,0.4876045286655426,False,Glaucoma misclassified as Normal
d:\Practice Projects\Disease Detection\dataset\Eye Disease detection\glaucoma\1256_right.jpg,3,Glaucoma,3,Glaucoma,0.7304437756538391,True,0.16418515145778656,0.0918300598859787,0.013540971092879772,0.7304437756538391,True,Correct Glaucoma
d:\Practice Projects\Disease Detection\dataset\Eye Disease detection\glaucoma\Glaucoma_061.png,3,Glaucoma,3,Glaucoma,0.7318075299263,True,0.08706410229206085,0.00302140018902719,0.17810696363449097,0.7318075299263,True,Correct Glaucoma
d:\Practice Projects\Disease Detection\dataset\Eye Disease detection\glaucoma\_363_2466087.jpg,3,Glaucoma,3,Glaucoma,0.9964595437049866,True,0.0029860748909413815,0.0005527532193809748,1.6441391608168487e-06,0.9964595437049866,True,Correct Glaucoma
d:\Practice Projects\Disease Detection\dataset\Eye Disease detection\glaucoma\Glaucoma_031.png,3,Glaucoma,3,Glaucoma,0.9259426593780518,True,0.06999606639146805,0.0032861263025552034,0.0007751106168143451,0.9259426593780518,True,Correct Glaucoma
d:\Practice Projects\Disease Detection\dataset\Eye Disease detection\glaucoma\_44_8455804.jpg,3,Glaucoma,1,Cataract,0.5550154447555542,False,0.0007482350920327008,0.5550154447555542,0.00015732085739728063,0.4440790116786957,False,Glaucoma misclassified as Cataract
d:\Practice Projects\Disease Detection\dataset\GlaucomaFundusImaging\G1020\Images\image_110.jpg,3,Glaucoma,0,Normal,0.7574437260627747,False,0.7574437260627747,0.0025454165879637003,0.002862803405150771,0.23714810609817505,False,Glaucoma misclassified as Normal
